task_count,nfdh,ffdh
500,1.40881e+06,1.40881e+06
1000,3.2571e+06,3.03996e+06
1500,3.06553e+08,2.61692e+08
